<?xml version="1.0" encoding="UTF-8"?>
<project-private xmlns="http://www.netbeans.org/ns/project-private/1">
    <editor-bookmarks xmlns="http://www.netbeans.org/ns/editor-bookmarks/2" lastBookmarkId="0"/>
    <open-files xmlns="http://www.netbeans.org/ns/projectui-open-files/2">
        <group>
            <file>file:/D:/CODE/Java%202%20Project/ASM1/src/Model.java</file>
            <file>file:/D:/CODE/Java%202%20Project/ASM1/src/View.java</file>
            <file>file:/D:/CODE/Java%202%20Project/ASM1/src/ServiceSV.java</file>
        </group>
    </open-files>
</project-private>
